Time,G
0.558129192,313901345.3
24.03290961,1165919283
30.56591187,1603139013
56.32212875,1457399103
76.92176556,313901345.3
110.5762888,0
